Análisis de Mercados > Análisis Técnico > Price Action > Price Action frente a chartismo y velas japonesas,Análisis de Mercados > Análisis Técnico > Price Action,4,Análisis de Mercados,Price Action frente a chartismo y velas japonesas,NODE,H2/H3,V05_MASS_EDITORIAL_COLLAPSE,1.0,1.0,5
Análisis de Mercados > Análisis Técnico > Price Action > Limitaciones y Crticas,Análisis de Mercados > Análisis Técnico > Price Action,4,Análisis de Mercados,Limitaciones y Crticas,NODE,H2/H3,V05_MASS_EDITORIAL_COLLAPSE,1.0,1.0,6
Análisis de Mercados > Análisis Técnico > Fibonacci,Análisis de Mercados > Análisis Técnico,3,Análisis de Mercados,Fibonacci,NODE,H2/H3,V05_MASS_EDITORIAL_COLLAPSE,4.0,4.0,10
Análisis de Mercados > Análisis Técnico > Fibonacci > Herramientas básicas en el análisis técnico,Análisis de Mercados > Análisis Técnico > Fibonacci,4,Análisis de Mercados,Herramientas básicas en el análisis técnico,NODE,H2/H3,V05_MASS_EDITORIAL_COLLAPSE,1.0,1.0,0
Análisis de Mercados > Análisis Técnico > Fibonacci > Cómo trazar correctamente los niveles de Fibonacci,Análisis de Mercados > Análisis Técnico > Fibonacci,4,Análisis de Mercados,Cómo trazar correctamente los niveles de Fibonacci,NODE,H2/H3,V05_MASS_EDITORIAL_COLLAPSE,1.0,1.0,1
Análisis de Mercados > Análisis Técnico > Fibonacci > Confluencias,Análisis de Mercados > Análisis Técnico > Fibonacci,4,Análisis de Mercados,Confluencias,NODE,H2/H3,V05_MASS_EDITORIAL_COLLAPSE,1.0,1.0,2
Análisis de Mercados > Análisis Técnico > Fibonacci > Criticas,Análisis de Mercados > Análisis Técnico > Fibonacci,4,Análisis de Mercados,Criticas,NODE,H2/H3,V05_MASS_EDITORIAL_COLLAPSE,1.0,1.0,3
Análisis de Mercados > Análisis Técnico > Fibonacci > Di Napoli,Análisis de Mercados > Análisis Técnico > Fibonacci,4,Análisis de Mercados,Di Napoli,NODE,H2/H3,V05_MASS_EDITORIAL_COLLAPSE,1.0,1.0,4
Análisis de Mercados > Análisis Técnico > Fibonacci > Entradas Directas,Análisis de Mercados > Análisis Técnico > Fibonacci,4,Análisis de Mercados,Entradas Directas,NODE,H2/H3,V05_MASS_EDITORIAL_COLLAPSE,1.0,1.0,5
Análisis de Mercados > Análisis Técnico > Fibonacci > Fibonacci y Elliott,Análisis de Mercados > Análisis Técnico > Fibonacci,4,Análisis de Mercados,Fibonacci y Elliott,NODE,H2/H3,V05_MASS_EDITORIAL_COLLAPSE,1.0,2.0,6
Análisis de Mercados > Análisis Técnico > Fibonacci > Fibonacci y Price Action,Análisis de Mercados > Análisis Técnico > Fibonacci,4,Análisis de Mercados,Fibonacci y Price Action,NODE,H2/H3,V05_MASS_EDITORIAL_COLLAPSE,1.0,1.0,7
Análisis de Mercados > Análisis Técnico > Fibonacci > Fibonacci y Velas,Análisis de Mercados > Análisis Técnico > Fibonacci,4,Análisis de Mercados,Fibonacci y Velas,NODE,H2/H3,V05_MASS_EDITORIAL_COLLAPSE,1.0,1.0,8
Análisis de Mercados > Análisis Técnico > Fibonacci > Fibonacci y Volumen,Análisis de Mercados > Análisis Técnico > Fibonacci,4,Análisis de Mercados,Fibonacci y Volumen,NODE,H2/H3,V05_MASS_EDITORIAL_COLLAPSE,1.0,1.0,9
Análisis de Mercados > Análisis Técnico > Fibonacci > Fibonacc¡i y Chartismo,Análisis de Mercados > Análisis Técnico > Fibonacci,4,Análisis de Mercados,Fibonacc¡i y Chartismo,NODE,H2/H3,V05_MASS_EDITORIAL_COLLAPSE,1.0,2.0,10
Análisis de Mercados > Análisis Técnico > Fibonacci > Niveles de Extension.,Análisis de Mercados > Análisis Técnico > Fibonacci,4,Análisis de Mercados,Niveles de Extension.,NODE,H2/H3,V05_MASS_EDITORIAL_COLLAPSE,1.0,2.0,11
Análisis de Mercados > Análisis Técnico > Fibonacci > Niveles de Retroceso,Análisis de Mercados > Análisis Técnico > Fibonacci,4,Análisis de Mercados,Niveles de Retroceso,NODE,H2/H3,V05_MASS_EDITORIAL_COLLAPSE,1.0,1.0,12
Análisis de Mercados > Análisis Técnico > Fibonacci > Niveles Fibonacci segun Activos,Análisis de Mercados > Análisis Técnico > Fibonacci,4,Análisis de Mercados,Niveles Fibonacci segun Activos,NODE,H2/H3,V05_MASS_EDITORIAL_COLLAPSE,1.0,1.0,13
Análisis de Mercados > Análisis Técnico > Fibonacci > Otras Herramientas de Fibonnacci,Análisis de Mercados > Análisis Técnico > Fibonacci,4,Análisis de Mercados,Otras Herramientas de Fibonnacci,NODE,H2/H3,V05_MASS_EDITORIAL_COLLAPSE,1.0,1.0,14
Análisis de Mercados > Análisis Técnico > Fibonacci > Proyecciones,Análisis de Mercados > Análisis Técnico > Fibonacci,4,Análisis de Mercados,Proyecciones,NODE,H2/H3,V05_MASS_EDITORIAL_COLLAPSE,1.0,1.0,15
Análisis de Mercados > Análisis Técnico > Fibonacci > Secuencia de Fibonacci y aplicación al trading,Análisis de Mercados > Análisis Técnico > Fibonacci,4,Análisis de Mercados,Secuencia de Fibonacci y aplicación al trading,NODE,H2/H3,V05_MASS_EDITORIAL_COLLAPSE,1.0,1.0,16
Análisis de Mercados > Análisis Técnico > Fibonacci > Signigficado de cada Nivel de Retroceso,Análisis de Mercados > Análisis Técnico > Fibonacci,4,Análisis de Mercados,Signigficado de cada Nivel de Retroceso,NODE,H2/H3,V05_MASS_EDITORIAL_COLLAPSE,1.0,1.0,17
Análisis de Mercados > Análisis Técnico > Fibonacci > Stop Loss y Objetivos con Fibonacci,Análisis de Mercados > Análisis Técnico > Fibonacci,4,Análisis de Mercados,Stop Loss y Objetivos con Fibonacci,NODE,H2/H3,V05_MASS_EDITORIAL_COLLAPSE,1.0,1.0,18
Análisis de Mercados > Análisis Técnico > Fibonacci > Aplicaciones de Fibonacci en el Tradin,Análisis de Mercados > Análisis Técnico > Fibonacci,4,Análisis de Mercados,Aplicaciones de Fibonacci en el Tradin,NODE,H2/H3,V05_MASS_EDITORIAL_COLLAPSE,1.0,1.0,19
Análisis de Mercados > Análisis Técnico > Elliott,Análisis de Mercados > Análisis Técnico,3,Análisis de Mercados,Elliott,NODE,H2/H3,V05_MASS_EDITORIAL_COLLAPSE,5.0,5.0,11
Análisis de Mercados > Análisis Técnico > Elliott > Principios Basicos,Análisis de Mercados > Análisis Técnico > Elliott,4,Análisis de Mercados,Principios Basicos,NODE,H2/H3,V05_MASS_EDITORIAL_COLLAPSE,1.0,1.0,0
Análisis de Mercados > Análisis Técnico > Elliott > Tipos Ondas Correctivas,Análisis de Mercados > Análisis Técnico > Elliott,4,Análisis de Mercados,Tipos Ondas Correctivas,NODE,H2/H3,V05_MASS_EDITORIAL_COLLAPSE,1.0,1.0,1
Análisis de Mercados > Análisis Técnico > Elliott > Estructura de las Ondas,Análisis de Mercados > Análisis Técnico > Elliott,4,Análisis de Mercados,Estructura de las Ondas,NODE,H2/H3,V05_MASS_EDITORIAL_COLLAPSE,1.0,1.0,2
Análisis de Mercados > Análisis Técnico > Elliott > Automatización y herramientas,Análisis de Mercados > Análisis Técnico > Elliott,4,Análisis de Mercados,Automatización y herramientas,NODE,H2/H3,V05_MASS_EDITORIAL_COLLAPSE,1.0,1.0,3
Análisis de Mercados > Análisis Técnico > Elliott > Fibonacci y Ondas Elliott,Análisis de Mercados > Análisis Técnico > Elliott,4,Análisis de Mercados,Fibonacci y Ondas Elliott,NODE,H2/H3,V05_MASS_EDITORIAL_COLLAPSE,1.0,0.0,4
Análisis de Mercados > Análisis Técnico > Elliott > Psicologia del Mercado y Ondas de Elliott,Análisis de Mercados > Análisis Técnico > Elliott,4,Análisis de Mercados,Psicologia del Mercado y Ondas de Elliott,NODE,H2/H3,V05_MASS_EDITORIAL_COLLAPSE,1.0,1.0,5